<?xml version="1.0" encoding="UTF-8"?>
<project-private xmlns="http://www.netbeans.org/ns/project-private/1">
    <editor-bookmarks xmlns="http://www.netbeans.org/ns/editor-bookmarks/2" lastBookmarkId="0"/>
    <open-files xmlns="http://www.netbeans.org/ns/projectui-open-files/2">
        <group>
            <file>file:/D:/Program%20Files/EasyPHP-DevServer-14.1VC9/data/localweb/projects/Kurs/index.html</file>
            <file>file:/D:/Program%20Files/EasyPHP-DevServer-14.1VC9/data/localweb/projects/Kurs/plutOpen.php</file>
            <file>file:/D:/Program%20Files/EasyPHP-DevServer-14.1VC9/data/localweb/projects/Kurs/plut2.php</file>
            <file>file:/D:/Program%20Files/EasyPHP-DevServer-14.1VC9/data/localweb/projects/Kurs/myClass.php</file>
            <file>file:/D:/Program%20Files/EasyPHP-DevServer-14.1VC9/data/localweb/projects/Kurs/searchEkspoz.php</file>
            <file>file:/D:/Program%20Files/EasyPHP-DevServer-14.1VC9/data/localweb/projects/Kurs/css/general.css</file>
            <file>file:/D:/Program%20Files/EasyPHP-DevServer-14.1VC9/data/localweb/projects/Kurs/hom.php</file>
            <file>file:/D:/Program%20Files/EasyPHP-DevServer-14.1VC9/data/localweb/projects/Kurs/search.php</file>
        </group>
    </open-files>
</project-private>
